MAG	ERR2641635	ERR2641677	ERR2641733	SRR8692206	SRR8692207	SRR8692213	SRR059458	SRR059459	SRR513791	SIM2291543	SIM5894288	SIM8279698	SIM2306496	SIM8896464	SIM5814710	SIM8854893	SIM9240152	SIM1790957	SIM4881755	SIM4173338	SIM7930175	SIM6193423	SIM2131093	SIM3592908	SIM4014702	SIM9347053	SIM7937391	SIM1208744	SIM2733238	SIM4801093
ERR2641677_bin.10	0	2.6306186	0.10976546	0	0	0	0	0	0	1.45027181983096	5.70262070720422e-11	0	1.24704684795184e-11	0.0338145187370172	0	0.940194213893432	1.15531120835939e-13	4.26751511362782e-07	1.18405309434129e-16	0.269810076546288	0	4.47942884555931e-39	3.27519407410046e-32	1.05515318487761e-05	0.000426991129212135	0	0	4.89567973385859e-10	7.33760521304981e-06	0.00430431101180278
ERR2641635_bin.53	0.9029571	0.24253468	0.13546836	0	0	0	0	0	0	0.0165366115930559	8.32496133106626e-05	3.0340904577892	0.114115727124955	4.47459263977288	1.23438201867749	0.05332683626515	3.53874210951167e-27	7.02870579608659e-22	9.56083591362585e-232	9.65121787343106e-14	2.1069622740496	2.57952983049314e-17	8.50698519499353e-09	0.00176784295409256	1.92884556820701e-38	9.27901027202337e-11	6.70060150932858e-05	1.2675956914761e-92	6.77332840414149e-57	2.1744906631914e-58
SRR8692213_bin.15	0.10886448	0.585663	0.36140358	0	0	0.9114506	0	0	0	0.0154057443646487	0.696210868326755	0.00530979095334024	0.0357420931346152	0.187287379857836	0.0068606293909453	0.203829236854843	1.21362244596839	2.46134040349333	5.15580423031109e-15	0.748985343173465	9.73883281829288e-58	0.329270166110296	1.13560593372425e-23	0.384339124306551	0.163855823339548	2.75687440694961e-46	1.40108629623062e-05	7.56774337200208e-09	0.00589606583393819	6.01723043690765e-09
SRR059459_bin.32	0	0	0	0	0	0	1.0102074	1.0120871	0	0	0	0	0	0	0	0	0	0	0	0	0	0	0	1.10291455991249	1.27248310024024	0.964073376398435	0	1.48531199560627	2.7989401474696	1.93651012906997
ERR2641733_bin.6	0.6230357	0.16493228	0.20730163	0	4.8251023	22.567987	0	0	0	0.14697108396255	3.94840328376202	0.200421033878095	1.78009462407531	1.66813986087616	2.55600682010576	2.69578249793728	15.2363567335175	21.2120754946728	2.26271053621262	18.8819725515018	0.00697831947509199	17.599752076719	5.37482935446925	1.26369997624313e-87	6.1980985443063e-103	0.00159200959229165	0.0450453928347835	0.203941218766532	4.83549773427612e-180	0.292263155611339
ERR2641733_bin.56	1.0364803	0.59305286	0.6998835	0	0	0	0	0	0	0.966154492659242	0.33382962261308	0.220500492375973	0.131413633623081	0.244861615447041	2.19046680388404	0.737998191676945	3.68438100967694e-22	1.22619763528431e-08	0.00188806003812831	5.54119110418558e-12	0.000642515132640787	3.16707671152957e-08	0.0512960522684837	4.87261260399706e-05	3.8062004873914e-06	0.290923782503953	1.14893229339491e-20	0.000318130322246434	2.8274684109235e-07	1.31105243480292e-09
ERR2641635_bin.35	1.375604	0.36979967	0.09345419	0	0	0	0	0	0	0.263623343037197	4.34112200470171e-14	0.116048066002282	0.000505862581891938	3.04078025201564e-19	3.27471965301283	0.0239460905193021	2.2471775067082e-218	1.73757844257882e-12	4.98346201997297e-13	1.41922063805101e-07	0.489120203562491	8.89398573564348e-51	3.31467770114045e-06	0.000100984806230724	1.28024770717922e-43	3.79405091083678e-10	0.000612771791083515	2.65858529560801e-39	5.26623966368131e-43	1.06525473030683e-13
SRR8692207_bin.13	0.07669577	0.037338454	0	0	0.24061687	0.16339472	0	0	0	1.96110186540303e-07	1.5086969972471e-08	6.33061738522209e-17	2.52332702758489e-10	0.0972280431468115	9.54335058695659e-08	6.22903507190673e-34	3.68215206999972e-08	0.0944300163007857	0.000775691556037952	0.000624971373811485	1.59060633986913e-36	0.0540600294175525	0.459344101017292	1.78003599205406e-62	5.32376178399655e-262	5.58859574907033e-112	2.57877539447538e-71	2.89089293895007e-23	1.21595891090948e-196	1.20819902425345e-32
ERR2641733_bin.78	0	0	0.36932924	0	0	0	0	0	0	0	4.78915480278163e-05	0	0.0175091502141724	1.79571140107761e-07	0	0	5.66234946199017e-20	0	1.06035557159849e-08	0	0	7.53500783766862e-30	1.73437719210839e-26	0	0	0	0	0	0	0
SRR8692213_bin.8	0.24106963	0	0.07382847	4.542696	0.2730598	0.23957835	0	0	0	2.52853104245057e-20	7.34173261224001e-06	0.0427857357476802	8.16892897665317e-07	0.22014149992851	0.129353130723981	1.09742485624131	0.0993204236629544	1.28867247754024	0.00402996772115743	1.95437670284536e-06	1.96676622948109	0.000126018593017768	0.0960204762792768	2.39861016470192e-05	0.0574806263129516	4.89539974738208e-08	8.58719860929873e-07	1.42849529434781e-07	1.44467076128594	7.32266269878425e-18
ERR2641733_bin.75	0	0	0.4822927	0	0	0	0	0	0	0	0.141694521682032	0	0.000204453134055527	0.0576384640916052	0	0	3.95884924310972e-09	0	0.0714727789221994	0	0	2.50156228799952e-17	3.23791056896598e-11	0	0	0	0	0	0	0
SRR8692213_bin.12	0.38224596	0	0.09864633	5.3000445	0.20861675	0.21564823	0	0	0	3.2035250447778e-82	0.369971820808808	0.43724465809333	0.00582661000572407	0.0296161712734999	0.0717237883699921	0.0932577552817298	1.38009025956607	2.19604060143883e-08	0.00689118676222057	0.031522685830456	4.15807645818526	0.0032542300685433	0.0173435096660888	0.930628173697467	3.71473565437852e-08	2.57217181975509e-05	2.43580565499949e-09	4.82090572417413e-83	0.0452809607980422	5.07411461098096e-47
SRR059458_bin.15	0	0	0	0	0	0	0.56330246	0.5474763	0	0	0	0	0	0	0	0	0	0	0	0	0	0	0	0.27575062634149	0.422878961295922	0.0664334891179659	0	0.057414351719484	0.497865366946615	0.118461782768861
ERR2641635_bin.20	0.3848837	0.16149546	0.10912321	0	0	0	0	0	0	0.0454971767231042	0.287482339518842	0.00706743410191678	0.201864241966574	0.0244851580905325	2.08577511469481	0.0603832397910664	6.73335266434091e-49	2.60087923639843e-85	1.14941303509255e-13	1.80395311610024e-24	2.5663935016071e-19	1.91857054660832e-64	2.3331836961285e-26	5.73769756369019e-27	1.12861897926325e-114	8.10124996017819e-63	1.3063799913578e-43	0.262571252385251	6.55672983508369e-63	1.21298010728362e-102
SRR059458_bin.30	0	0	0	0	0	0	0.5915509	0.5882262	0	0	0	0	0	0	0	0	0	0	0	0	0	0	0	0.0491791463937742	0.509310013779595	0.567404398935355	0	0.152334385368132	0.81981668511559	0.0597700999374883
ERR2641677_bin.55	0	0.3806462	0	0	0	0	0	0	0	0.00222619079618443	0	0	0	0	0	0.0195659702739306	0	6.29328176127128e-05	0	5.39354275375389e-08	0	0	0	5.25133041018134e-87	5.47962220153346e-50	0	0	1.87512754983968e-17	4.8346834249478e-17	1.66429485769054e-06
SRR8692206_bin.26	0	0.46914238	0.0936566	5.837034	0	0	0	0	0	0.00610937469307338	0.00369587388431628	0.523774050558341	0.0136002141265204	0.0776258906233399	0	0.000335015657063692	2.12673125571056e-19	7.68675613677937e-06	2.71257619927459e-135	3.82806020004243e-21	5.15750770662284	1.92542984706702e-32	1.58506710286943e-57	0.243359080435345	0.0651527916431045	0	0	8.83693575112477e-124	0.0229854634622657	6.18426496773048e-86
ERR2641635_bin.27	0.44337535	0.054050304	0.14428772	0	0	0	0	0	0	1.07480242088841e-05	9.59265194168074e-10	2.38076139870266e-05	0.00149511302085984	4.61122181444453e-07	1.05689802738363	3.87968963674252e-08	4.47882916434907e-63	8.74621340123908e-67	9.15530306338013e-99	0	3.7106959537358e-14	6.27781889434123e-11	0.0324548553044705	1.43842423620424e-128	9.31346019953534e-29	3.6255702441795e-20	1.36310902308125e-26	0.00248088099537363	5.07006225687601e-65	4.38202712107726e-117
ERR2641677_bin.23	0	0.4955785	0.0295665	0	0	0	0	0	0	0.286787785974583	2.02325767347565e-09	0	3.12577083472876e-39	5.50615712112257e-47	0	0.0505057346388041	1.04244447135977e-53	2.155305339349e-11	0	3.61077582821599e-19	0	0	6.30621234047322e-297	4.68809964383021e-08	6.77358739214082e-41	0	0	1.08603408391209e-10	2.43108254931692e-24	1.15099475528086e-07
ERR2641677_bin.5	0.10026435	1.4141053	0.04867826	0	0	0	0	0	0	1.73106076443499	0.214956382858413	0.224587311868699	3.43147550654427e-15	6.95945264689597e-07	0.00774492918442399	5.84856692614767	2.25459968213877e-53	1.13007413378008e-06	5.80933501642354e-11	0.000280845558580512	0.000576088186552565	3.69692412502084e-257	1.07409942304243e-223	3.36522637157662e-05	0.000518255232441384	4.16764570829851e-185	4.04230926870859e-08	0.000176041748023257	0.00014106589700791	3.08639495171045e-09
ERR2641677_bin.64	0	0.98097926	0.19818762	0	0	0	0	0	0	4.02299880124928	0.00257276115021706	0	7.26047793712101e-08	0.00493764400479885	0	2.05516123910361	4.70790654806936e-17	7.04449730414802e-25	1.13100457157572e-12	0.000255826737047376	0	2.16052005866799e-13	1.58681575381499e-44	1.75402941959312e-16	6.51281785354715e-19	0	0	9.65383854611976e-09	0.00103188220627572	4.02790968335651e-09
SRR513791_bin.3	0	0	0	0	0	0	0	0	8.35188	0	0	0	0	0	0	0	0	0	0	0	0	0	0	0	0	0	6.97666546325033	0	0	0
ERR2641733_bin.62	0.29311997	0.124245204	0.42504597	0	0	0	0	0	0	0.268138894424339	0.000922726718821743	0.0757415878132916	1.55794213800858	0.00166980905496693	0.000398184606699992	0.000559349501930289	7.22935936338374e-09	1.70817744261798e-13	0.000655012579710558	1.54297188381868e-72	1.16510655823732e-07	1.7042731536614e-10	4.89285326851945e-05	4.80775114754352e-63	6.77568536263756e-56	4.18439692374486e-40	4.80542732031739e-37	1.75574230872737e-77	1.070475671625e-60	4.02916875134693e-108
ERR2641635_bin.18	0.7104687	0	0	0	0	0	0	0	0	0	0	1.17026616351727	0	0	0.740215254339	0	0	0	0	0	0.00156089396358745	0	0	0	0	1.12643708883941e-29	1.62424682722699e-09	0	0	0
ERR2641733_bin.21	0	0	0.39626867	0	0	0	0	0	0	0	0.250367979149484	0	0.00045409481719541	0.0278691448154218	0	0	6.02273591372982e-39	0	2.64687578314701e-17	0	0	3.04040464704168e-23	0.0139077677800725	0	0	0	0	0	0	0
SRR8692213_bin.10	0	0	0.0053727333	0.071040444	0.02454044	1.3742391	0	0	0	5.43271939707913e-139	3.39331785630166e-05	5.06805691563005e-05	7.80037724151439e-07	0.376605883537799	0.0820967678452101	0.000222157513957821	1.14811009704908	0.429655083259241	3.44584654991675e-07	1.42156626388144	3.43258516193054e-08	0.474785347574439	2.74832928314585e-26	6.14208060509484e-171	1.77587047132128e-52	0	9.40748720373825e-10	1.15343549216283e-06	4.82260913704199e-25	0
SRR8692206_bin.25	0	0	0.0207119	2.3768668	0	0	0	0	0	0	1.82455133656812e-14	0.0440948768244991	1.4261218018046e-22	1.1927996231556	0	0	1.43659460230103e-285	0	1.37079648085903e-279	0	0.363011573185229	8.47927075747123e-177	3.34086054127351e-176	0.00991267224069172	0.00386932707743732	0	0	0	1.80867923753764e-05	0
ERR2641733_bin.34	0	0	1.279555	0	0	0	0	0	0	0	0.127272480501519	0	3.54545247144052	0.0897874160260911	0	0	0.000712599857462744	0	0.00494963954443147	0	0	0.000907952350475528	0.0431743250590383	0	0	0	0	0	0	0
ERR2641733_bin.28	0	0	0.33215943	0	0	0	0	0	0	0	0.169711019531254	0	2.56401778887003e-06	0.0030950936894627	0	0	6.00246864513579e-23	0	1.4168011625703e-08	0	0	4.7955229708151e-09	6.14239900629637e-13	0	0	0	0	0	0	0
ERR2641635_bin.10	0.53320533	0.030720586	0.38747284	0	0	0	0	0	0	3.10083188375326e-06	0.181869928694427	0.0990881736064867	0.0250109927640177	1.14034470446518	0.000102408924775626	1.75518385753054e-16	4.73070376847131e-41	3.2983189905474e-112	4.15531191050546e-11	3.29497088870141e-305	2.99770744855359e-05	1.2668879811817e-06	4.62693698066994e-14	1.90174935652878e-301	0	3.1119021051932e-09	8.00129634232989e-18	7.32596429915774e-213	1.27535981567632e-169	4.23295142463621e-72
SRR059459_bin.13	0	0	0	0.005773836	0	0	0.24860397	0.25358376	0	0	0	0	0	0	0	0	0	0	0	0	3.42242711034266e-101	0	0	0.193789973480937	0.0308401362444649	0.00426516635462154	0	0.723103997124909	0.00870426221493674	0.014287755440438
ERR2641635_bin.32	1.8118367	0	0	0	0	0	0	0	0	0	0	0.111074149203684	0	0	0.891390902825783	0	0	0	0	0	0.1907076890974	0	0	0	0	4.05399001220045e-05	0.000310755415835528	0	0	0
ERR2641635_bin.30	0.69677347	0.4342542	0.055637013	0	0	0	0	0	0	0.988349625248429	8.49996596237488e-13	0.177193784092938	3.11402068217669e-20	0.000128562973777629	0.792378418762011	0.00755563507340094	9.22369458184585e-24	6.61279583414503e-07	1.98316459072695e-114	0.00274242810739704	1.224682921359e-05	2.13207001903743e-44	1.60923534078729e-72	0.00294478806135895	4.69352025337044e-06	1.95867521208645e-16	2.68232428237249e-22	6.15979543908576e-22	3.47600845317611e-37	3.38762864757909e-49
SRR8692207_bin.3	0	0	0	0.60357946	0.48841265	0.014820113	0	0	0	8.72187895428642e-05	0	1.69881432497201e-11	3.41297245290238e-74	8.27218767160607e-12	0	0	8.42336849418428e-25	1.12282499990131e-38	4.81826902673697e-06	1.38364837918368e-05	0.420153445501034	1.58628842721078e-12	0.362562103705335	0.0113640200041387	1.04278772879736e-72	3.01095257880422e-17	0	0	7.71252742938977e-08	9.72166884214409e-06
SRR059458_bin.5	0	0	0	0	0	0	0.8515813	0.8376381	0	0	0	0	0	0	0	0	0	0	0	0	0	0	0	0.126934329782895	0.159061728380722	0.168877662378419	0	0.583374570224213	1.87028627763015	0.0892307685888816
SRR8692207_bin.16	0.3429233	0	0.082425274	5.3451996	0.71698445	0.07365755	0	0	0	1.50536685041908	0.19012141234901	0.0129483193891885	0.892520003736063	5.49638088313167e-08	0.000682092314236131	0.000153118388444943	0.0916715805890061	0.484790622445577	0.0132515789719409	1.74670278753523e-09	2.74596750637984	0.0323313507655345	3.21112276201206e-05	0.005447311424576	9.8059561674741e-05	1.34813132405942e-13	3.62825190853553e-40	1.58396113146826e-112	0.022850289378584	0.0022566904544053
ERR2641677_bin.62	0.20972951	4.3843155	0.35120186	0	0.08287892	0.73552144	0	0	0	7.06542251317024	2.89439660748403e-05	0.223729625985845	1.9776298314084	0.449510164028068	4.0557924653012e-10	5.92136368008061	2.05341356832307	0.596784149196154	3.27561103987587e-09	0.554672314715766	5.62021086162824e-64	2.75460415411619	3.51883667596296e-07	0.160965533471571	0.0048394330390798	6.48938418958023e-11	0.000131360803727102	0.038364466882797	0.00150478132444333	0.00209460814255531
SRR059459_bin.16	0	0	0	0	0	0	0.35150763	0.35529616	0	0	0	0	0	0	0	0	0	0	0	0	0	0	0	0.00790353893029121	0.0092380289084473	0.0756296221721081	0	0.133434227459972	0.742060110382583	0.0134429972640475
SRR8692207_bin.25	0	0	0	0	11.584441	0	0	0	0	0.170185535284982	0	0	0	0	0	0	0	0	16.6220598198256	0	0	0	11.0670410383875	0	0	0.952340879482448	0	0	0	1.0590626984178
ERR2641733_bin.54	0.10534224	0.058788117	0.9168591	0	0	0	0	0	0	8.47468118822112e-15	0.72154671991425	0.277167697145408	0.287146559827459	0.00848032068224338	0.0055970134989578	1.33358182164732e-35	0.02858470252596	6.39933148337788e-74	0.000807900390642168	4.91640222970611e-62	1.32603387905217e-194	3.02979221927623e-06	4.68170065924423e-05	4.99190406257425e-103	4.92916404193693e-169	9.97980623050637e-69	1.38687688962e-133	2.88824280261893e-52	1.60727868094669e-156	3.07511803275919e-166
SRR059459_bin.11	0	0	0	0	0	0	0.27738258	0.28281865	0	0	0	0	0	0	0	0	0	0	0	0	0	0	0	3.40861392208647e-09	0.533055301838665	0.019360682743423	0	0.234062517534074	0.102683720083651	0.141741959508739
SRR8692207_bin.11	0	0	0	0	0.40523744	0	0	0	0	4.79923171951033e-27	0	0	0	0	0	0	0	0	0.00983476801826952	0	0	0	0.000130466581338699	0	0	1.15149473726954e-55	0	0	0	1.92684549081497e-23
ERR2641635_bin.6	1.035981	0.11318258	0	0	0	0	0	0	0	0.000282378098421827	0	1.08020258252884	0	0	0.0425935621575999	1.22061865902753e-06	0	4.07733035528523e-113	0	6.32516586024997e-55	0.000237182556656558	0	0	9.0041552121058e-05	2.58065924629073e-230	4.09902249395659e-18	1.08875334209098e-15	2.30229448463564e-07	3.58805471495324e-36	7.06908207049867e-05
ERR2641677_bin.30	0	2.521804	0	0	0	0	0	0	0	0.723678371924941	0	0	0	0	0	1.45592862226411	0	0.0852703549796363	0	0.000113877043476114	0	0	0	0.130025281884718	0.0653812737091101	0	0	0.0879584768790218	0.00233956817070423	1.02397383617761e-07
SRR059459_bin.14	0	0	0	0	0	0	3.0773652	3.057075	0	0	0	0	0	0	0	0	0	0	0	0	0	0	0	5.50150730425321	4.31481394566157	4.0183308646352	0	3.91435888604331	2.31448275230836	1.03340581001055
SRR8692206_bin.14	0.018558044	0	0	0.4098093	0	0.06893012	0	0	0	0	6.8992600039801e-69	2.77482909555226e-08	1.74982504360089e-102	1.73696834842711e-50	0.0777551678879256	1.88573528160003e-53	1.68452597584142e-48	0.0214850093803173	0	1.7662018446838e-11	0.00297068802386713	0.0106550956879337	0	5.04954775883436e-12	0.00232068549877224	5.41933095224591e-184	1.07706704778999e-107	8.75248353177398e-105	4.28178960129193e-19	0
SRR059459_bin.8	0	0	0	0	0	0	3.8092308	3.7827137	0	0	0	0	0	0	0	0	0	0	0	0	0	0	0	2.14394351967152	3.71493849458873	3.00537514890282	0	4.69355686488974	2.81069214485571	2.88930682081896
SRR8692213_bin.24	0	0.020961536	0	0	0	1.991624	0	0	0	0.134244833432226	1.35459693011271e-05	0	7.96468399627606e-08	0.000184543103873177	2.43619626925251	0.451982944820426	0.378721504898203	2.57103749564775	0	0.499917995505412	0	1.43247320835396	0	0	4.67361286685476e-165	0	0.0219697868133605	0.0063393817264419	0	1.70606855230687e-298
ERR2641733_bin.18	0	0.09920726	1.5264695	0	0	0	0	0	0	0.0102286827822817	1.30991130038225	0	1.63250296590409	2.74659745896686	0	4.05246141458623e-22	0.0252358043996732	3.28704409168952e-10	0.0584488889422607	2.10646726929814e-59	0	1.00517113868118e-08	0.0116165712764396	3.36704444909496e-10	0.00520612850645194	0	0	2.79892437239924e-84	0.00182793534831097	7.54775885329126e-64
ERR2641677_bin.48	0	0.70775634	0.0357071	0	0	0	0	0	0	0.285658789679433	3.37110040548865e-10	0	7.32066114043474e-52	2.62371202811581e-19	0	1.08368288702909	3.89154556717362e-53	7.14840295684574e-30	2.13112507456327e-41	0.00015072810437063	0	0	1.05279176340137e-59	0.000208165963433127	2.19604077778689e-06	0	0	9.69571867488197e-22	3.10380384164171e-05	0.000182322620530995
SRR059459_bin.27	0	0	0	0	0	0	0.4230486	0.43846738	0	0	0	0	0	0	0	0	0	0	0	0	0	0	0	0.082208270083592	0.148674043793681	0.00183403777601065	0	0.0155177737627619	0.23429739656071	0.910471216982289
SRR8692206_bin.12	0	0	0	4.8611317	0	0	0	0	0	0	0	0.0208830243869503	0	0	0	0	0	0	0	0	5.99062299958084	0	0	0.00167753227416317	8.52648455515795e-07	0	0	0	0.662475012780703	0
ERR2641733_bin.10	0	0.1739347	1.352943	0	0	0	0	0	0	4.4618712169562e-10	0.246988202193726	0	2.35361672779322	0.941724874250701	0	3.31944589974766e-05	0.000486288590977271	1.52784607170807e-31	0.00199202313077839	9.00648488656641e-37	0	0.000134521757808026	0.0014807435198823	4.54670883825888e-20	2.56164997964137e-25	0	0	4.71431784510782e-56	1.08009065397785e-19	0
ERR2641733_bin.60	0	0	0.35470465	0	0	0	0	0	0	0	0.249677669728187	0	0.116142010927033	1.51827468428954	0	0	8.69955472215125e-10	0	0.00658299353927656	0	0	1.33737540621395e-08	7.25653848809988e-12	0	0	0	0	0	0	0
ERR2641677_bin.43	1.1374853	2.3166173	0.45214835	0	0	0	0	0	0	3.01054109743252	0.0235992681736424	0.0218465554406961	0.789431438465947	0.347195667455531	0.509774681018259	2.68564250449283	3.90592235589542e-05	0.0153895362156678	9.94614164858659e-16	0.00377416043505676	0.000235667851693053	9.99491993443314e-17	9.64178929125194e-15	8.86013729849449e-09	1.08621608683623e-06	7.41982026744945e-28	1.57119571440815e-17	0.0916422428793588	3.71609088334857e-08	0.000116887909786971
ERR2641733_bin.80	0.22075467	1.1600852	1.3418574	0.3759167	0.06432708	0.086600974	0	0	0	1.4467115040994	0.221693567814179	0.0796905614181021	2.09032287887348	0.461342343469508	0.232121215182531	2.56361438422172	0.00490384024053507	0.183118173886884	0.178221680688968	1.61318746605277e-07	0.0703799340960533	0.0022800528435273	5.89133749186463e-06	5.27431308645951e-20	8.15522216011911e-08	2.02800859269129e-46	3.4990554762888e-125	0.0822057487825922	0.000553234951184297	1.63778537056339e-35
ERR2641635_bin.38	0.97257847	0.12482703	0.16434294	0	0	0	0	0	0	0.0198916074046974	0.0268376549985023	0.105593206586758	0.221388330444068	0.406881452217687	1.27080803917462	3.57853776620246e-06	1.52423298124665e-66	1.38599999777486e-19	4.76053927575657e-129	2.87515971713766e-156	0.000142808054020295	2.80821372686562e-40	4.68546450654075e-20	2.20000464410657e-162	0.0233792013766124	0.0134583631555449	0.000116564668777753	0.000169263223751544	1.83818795526563e-63	1.67973606171391e-32
SRR059459_bin.7	0	0	0	0	0	0	0.52141356	0.5164034	0	0	0	0	0	0	0	0	0	0	0	0	0	0	0	0.520870956814591	0.255339752401715	1.07401779447066	0	0.0108923815726334	0.0887456092189944	1.21349015440729
SRR8692207_bin.10	1.1586888	0.2641356	0.042521056	0	0.59928536	0.07861915	0	0	0	0.44205966909437	0.000150417602265211	0.524061805920633	4.23729864152365e-06	2.35019440291688e-07	0.29224572496428	0.00158614125143077	0.16243184644058	0.139838828961378	0.0320950448475245	1.11265766637408	0.0170343308613401	6.80667488429943e-05	0.668852860271094	1.74687002013346e-11	6.2771443358801e-35	5.59008961701407e-07	3.55095149816879e-19	8.45066385259832e-47	4.01924284798948e-73	5.82217959516995e-09
SRR8692207_bin.28	0	0	0.032177676	0	0.64765483	0	0	0	0	2.12884422812783e-05	0.0652250810050118	0	1.44392689869081	1.52904060776276e-06	0	0	2.98915187700738e-20	0	0.213758148174248	0	0	1.16016028060957e-258	0.000425735052470651	0	0	1.68149569311129e-28	0	0	0	8.32115469354045e-06
SRR059458_bin.8	0	0	0	0	0	0	0.8365518	0.83287024	0	0	0	0	0	0	0	0	0	0	0	0	0	0	0	1.05405281245476	0.0105297420077587	0.621584709027326	0	0.778672567383621	1.66196558073841	0.0690307800576862
ERR2641677_bin.35	0.42173138	0.26744792	0.077032045	0	0	0	0	0	0	0.000207903846613298	5.279234498496e-15	0.021262284770696	6.61022204573711e-24	0.000122815418496295	0.661461542896224	0.506050757245107	6.3827191613041e-12	0.000134607144073828	1.808381330926e-06	5.39179425772721e-26	7.58531504705525e-11	3.06320700421573e-322	9.4577352567985e-37	6.68709299196337e-12	4.46916006828056e-13	1.9691315095245e-10	8.70921033472086e-11	4.07668808715569e-19	6.83229472818628e-25	6.16028035274653e-64
ERR2641677_bin.57	0	0.3814802	0.026935467	0	0	0	0	0	0	0.11880213903678	8.04890790405452e-23	0	0.035148535915276	5.26047542268837e-32	0	0.321192775064896	3.0575329204607e-51	0.0634482788679948	3.17037727220938e-258	2.43348742750376e-12	0	1.77902021594186e-77	1.35569697147681e-27	1.278646626447e-27	1.16462101710929e-31	0	0	5.865912273049e-51	1.80799817502839e-25	5.26138982749415e-61
ERR2641733_bin.13	0	0.69504106	0.8318654	0	0	0	0	0	0	0.202130828800226	0.251634043644878	0	0.00527455648396293	0.0351273587603784	0	0.261693477318915	1.30281394516187e-05	7.4391727241556e-11	4.34831259475131e-07	1.3493856074287e-06	0	2.29240617763042e-07	0.208228578803573	1.54740539692877e-11	4.74150053526379e-08	0	0	1.49881542680383e-07	6.33091718538175e-23	2.5118814133369e-09
ERR2641677_bin.17	0.14472002	0.66596776	1.0421695	0	0	0	0	0	0	0.000599715291144774	0.0125697697025471	0.000218495169599777	0.74347456620484	3.26052241877524	2.41754896095509e-12	1.13987305982492	0.00565692321714641	0.00881946602868968	0.0121025799528277	1.24403505412664e-05	2.02741531284993e-48	1.58574119600034	0.00125162339846024	2.05317171666805e-05	0.0193404418056816	8.29607246253688e-118	1.72034734399689e-30	3.22965770763572e-08	0.00142349271969505	3.11308123104032e-19
SRR8692207_bin.22	0	0	0	0.0968365	1.1563871	0	0	0	0	0.324158152583819	0	5.88647147538301e-41	0	0	0	0	0	0	0.596574572907049	0	9.70346552966046e-10	0	0.0556284094704113	0	3.77417790878933e-15	2.38902518037583e-25	0	0	3.86432585077277e-135	8.02669457082383e-08
SRR059458_bin.31	0	0	0	0	0	0	3.12046	3.102772	0	0	0	0	0	0	0	0	0	0	0	0	0	0	0	4.42483380174929	1.64907945911598	0.531501363273876	0	3.15196973695996	2.98846204231472	2.47575621864968
ERR2641635_bin.5	1.1962161	0.096108384	0.12494779	0	0	0	0	0	0	0.0439800235975658	4.66019548657694e-07	0.667038562245491	0.000881681509221375	7.47623964567227e-05	0.794025265291485	0.00365552814774019	4.02075452613131e-101	4.1935437621074e-34	2.30818368829018e-29	4.63884236458681e-25	0.333903070474465	2.05569701378321e-17	0.00116041144652839	4.36544470958716e-279	1.00332286584142e-108	7.96338895148667e-25	5.06259243342615e-13	1.58087659699727e-08	3.23745039908179e-66	1.95567314335018e-07
ERR2641677_bin.2	0	0.4787848	0	0	0	0	0	0	0	2.89839245772817	0	0	0	0	0	2.13802111103574	0	3.40498430553524e-05	0	1.21632957079952e-07	0	0	0	1.33712557694946e-88	1.58743315623744e-16	0	0	6.46658233180103e-11	3.98154338593009e-35	1.93405281854754e-16
ERR2641677_bin.41	0	0.5747336	0.052368734	0	0	0	0	0	0	0.883453558170622	1.64449297580621e-14	0	3.59235221952441e-28	0.000986845971265777	0	0.441256157621459	2.87931523817798e-130	3.81040434606448e-12	6.37040915025863e-38	3.03777415748401e-11	0	2.80028821281876e-34	1.78776261794966e-211	1.39061883609113e-13	4.12998081018646e-28	0	0	5.43955829960387e-08	0.0111073487688781	1.813753723364e-66
SRR059459_bin.23	0	0	0	0	0	0	0.19941384	0.20788078	0	0	0	0	0	0	0	0	0	0	0	0	0	0	0	0.49224270541809	0.468354507414983	0.341764701664785	0	0.0261921642052045	0.00388879404063438	0.1009437621657
ERR2641733_bin.23	0.38948405	0.12974028	0.38537818	0	0	0	0	0	0	7.21943784303121e-13	3.03875605989419	0.199060568083958	0.206949659455473	0.26498872970148	1.0623424088479	1.63462969542092e-09	4.20203558040293e-05	4.42819937542883e-161	9.58840556692563e-16	1.12446845222873e-53	1.44503455255556e-07	1.71544346712195e-07	3.72091075504597e-13	7.51571333388436e-30	1.2185907958489e-105	2.51481182220936e-16	5.8979768112512e-11	9.13490780997796e-38	5.5799766525284e-68	8.378692401929e-225
ERR2641635_bin.13	0.66583997	0.11400346	0.073841944	0	0	0	0	0	0	9.90695856317886e-07	1.10859548235318e-22	0.000906565670783638	1.84524285108213e-18	5.19733284944113e-11	0.00191793620608354	1.59369879079645e-09	4.29105619368317e-301	4.05100902469367e-86	1.90912714861249e-143	3.09189284325215e-125	4.23778115063971e-21	0.00554748114823531	0.0848507479864616	8.64070064618462e-54	1.15134541671074e-48	1.4779689454691e-21	0.00540870639329974	4.20706506047593e-25	3.95833160842660e-11	1.45312911446907e-180
ERR2641635_bin.43	2.1749072	0.28960893	0.2399013	0	0	0	0	0	0	7.85912720198938e-06	0.00984727012088409	2.44387367250843	0.0121969889388445	0.00476822963886144	2.77757540262072	0.263321051348034	5.57348103951391e-37	5.64234876374826e-67	1.73410926275176e-09	3.12857192850305e-28	6.11059840891391e-05	1.32901113073224e-06	5.85126067780269e-68	6.12087659141776e-08	1.1946206448701e-16	4.39460998847405e-06	6.87526760863401e-05	7.54841936251246e-59	2.41605402948906e-07	1.10680855181709e-43
SRR8692206_bin.27	0.035559744	0.011687463	0.0066992952	0.3678595	0.012909209	0.092255816	0	0	0	0.263799144187604	5.3154202540539e-42	2.53546560964127e-12	1.13261055084549e-43	2.94684853131004e-11	3.34411502766416e-33	2.24512631885201e-34	0.0852303074371015	1.41201188063624e-13	6.42168051787044e-31	4.62593235241928e-06	0.0689116207204529	0.321550963836208	1.54484752952658e-38	3.73561355474237e-12	5.67287778961394e-67	2.62499552099147e-55	4.96144786417979e-31	1.60857543815245e-55	6.33005353678515e-89	3.23232127977576e-87
SRR059459_bin.29	0	0	0	0	0	0	0.83964866	0.83769107	0	0	0	0	0	0	0	0	0	0	0	0	0	0	0	0.460502237504474	1.23076530181436	0.203951338976038	0	1.24242951696868	0.845049157422418	0.0630302614677915
ERR2641677_bin.7	0.117950715	0.29893267	0.108270444	0	0	0	0	0	0	0.571500728181895	0.0263449768811496	4.87934725780527e-10	6.42889016347109e-08	1.94048074424423e-08	0.454546064159013	0.0662938267247744	1.27826385196233e-21	2.72451618955382e-31	7.60161062270787e-11	0.032333231194102	4.42705278614542e-128	4.75705139151633e-43	4.01539114542099e-73	3.73580763805777e-118	0.0659959979201912	3.77881866388757e-135	7.68433128304977e-105	1.62680351839918e-48	2.19271807151862e-81	0.170905598236479
ERR2641733_bin.64	0.9399127	0.24028459	0.9075076	0	0	0	0	0	0	0.421316566655735	0.0334625314689371	0.359245193195177	1.68781356254119	2.67593613273697	0.240216840636417	0.000495919141237589	3.356610840546e-11	3.89615956014462e-24	7.54889106598214e-06	1.5768528061697e-10	3.20312452934136e-09	0.000441062570279405	9.40729703374547e-05	4.44113577602926e-32	1.24057598387518e-169	3.75214500957091e-08	0.0207559913116911	8.687828469314e-32	6.15294192948645e-42	1.79390403898172e-20
SRR8692206_bin.30	0	0	0	3.4111173	0.28819585	0.029386677	0	0	0	3.05973850309536e-10	3.46940657338253e-57	0.0494823869607756	8.2286540380017e-30	1.13344386147522e-180	2.3351092015978e-67	2.84641094610858e-275	0.954996546521768	3.3171815336214e-12	4.22329736166439e-06	0.0719471991040693	0.777184309949871	7.03557105101804e-28	0.0508554982358644	0.0275998785349157	0.0074791308442864	5.81695855046032e-62	1.77860054666977e-24	4.31937424592708e-296	0.155993185550061	1.46901059054984e-17
ERR2641733_bin.27	0.088396564	0.06633156	0.8429563	0	0	0	0	0	0	1.64640817848613e-07	1.32062814951279	0.00530433433097252	0.268549382130253	4.37654482440064	0.0281133666687189	2.94227317704186e-18	7.41380084986261e-08	2.18192147534083e-101	5.32235075665313e-06	6.76448020508279e-79	3.52500882411754e-06	5.30871418609074e-06	2.71999679824655e-05	1.34782850705618e-314	4.57599731153679e-45	1.00307040641716e-66	2.52136278813583e-175	1.47758850966801e-167	8.37520701025327e-08	0
ERR2641677_bin.14	0	0.28448558	0.02261382	0	0	0	0	0	0	1.80863046791046e-06	6.43126289684601e-14	0	2.93583846107456e-23	0.862139820536268	0	0.0275112699768439	3.82337028914564e-252	1.08375755507996e-06	1.48788676773498e-28	0.00125102591811245	0	1.74668417341204e-36	4.44679298433414e-277	6.33036423721832e-17	2.06638265305448e-61	0	0	5.25782360336745e-75	6.76369076213332e-15	5.04762779156521e-15
ERR2641635_bin.41	1.2012905	0	0	0	0	0	0	0	0	0	0	0.713603712057966	0	0	1.00155570884336	0	0	0	0	0	4.47666928330116e-14	0	0	0	0	0.000179078688779797	0.000123618658919394	0	0	0
SRR059458_bin.10	0	0	0	0	0	0	0.46089578	0.46656907	0	0	0	0	0	0	0	0	0	0	0	0	6.22623511992221e-136	0	0	0.148118336644454	0.0504364886285986	0.442303449360357	0	0.829107282130492	0.01279723962721	0.103243900535602
ERR2641635_bin.34	0.7610668	0.12134906	0.07949712	0	0	0	0	0	0	0.0345558925534272	5.28966701900321e-15	1.71130423631317	0.00985038307784265	0.000230072982228567	0.281796512588883	5.24426388639197e-10	2.49680480057293e-24	1.0701933834631e-23	1.35156908024851e-23	0.000118894853342009	6.49204577030765e-09	9.43825069255137e-85	3.83659018643354e-118	1.42080981589234e-231	2.42233502618968e-295	1.0292333075811e-32	8.31487136996866e-14	1.02731120017953e-17	9.61298917668461e-151	8.74732640201573e-37
ERR2641635_bin.37	0.4183517	1.374982	0.40702888	0.7197655	0.029114146	0.06949224	0	0	0	0.715415856167111	0.00401969130756931	0.0246006274926318	0.00164192450410269	0.0300293903702856	0.120070080076193	4.16325717491226	0.000100401611614549	0.775178108693618	0.000204232921821834	0.0672369049554248	1.03811549062098	0.137057553601735	0.00122683470402906	3.07100142883549e-11	0.0125030875213301	6.85053588963377e-08	3.53234007855635e-19	0.707338021336119	0.000819808680696107	0.000517463876674356
ERR2641677_bin.4	4.4161577	2.77708	0.93768793	0	0	0	0	0	0	2.72303890686289	3.40800359461136	10.3275809899844	0.414341776554448	0.245733938180982	3.8102890640781	0.475389168417496	0.233952049733731	0.206866834102154	4.30379434740913e-06	2.34716829396122	0.316058982523187	1.70937814383116e-05	0.694367041374347	0.240225165570344	3.53680636493872e-05	0.0010260227385161	0.00385728738726091	0.00337500872021537	2.83661216335524e-05	8.08620912124468e-05
SRR8692213_bin.9	0	0	0	0.008927303	0	0.20471713	0	0	0	0	5.26273202774261e-23	0	2.37076856272928e-49	1.70398538170978e-39	1.73183222313414e-15	6.91467330556487e-12	0.500855501163652	0.0164469943535511	0	0.662195855863284	9.82888885452726e-41	0.010025519498879	0	0	3.26309646734799e-94	0	9.51424611502253e-18	4.61505457399956e-11	0	0
ERR2641677_bin.68	0	4.364559	1.1033317	0	0	0	0	0	0	1.9513821197061	1.17205897325149	0	0.0424182961853295	1.27868658722508	0	4.0413347233214	3.96010177226469e-09	0.158914875770165	0.672176415472991	0.955605876719892	0	0.0746253731915703	4.12194769303081e-11	4.79734607379566e-06	8.02223727685211e-07	0	0	0.572251928474594	6.93996409953128e-05	1.62490141197708e-10
ERR2641635_bin.49	2.6938004	0.3704739	0	0	0	0	0	0	0	3.25214425755734	0	2.5218978601986	0	0	1.09160515234882	0.0475287849556226	0	1.29322144798988e-17	0	1.82524471658745e-09	0.0086621278263423	0	0	8.03828104725444e-05	1.2793035200271e-76	1.7586354173187e-25	0.0780997017825885	1.05933958031058e-14	8.20132764037666e-33	7.03710642105709e-16
ERR2641733_bin.87	0.12258909	1.8601061	0.6037708	0	0.12688623	0.5685732	0	0	0	0.390431544721806	0.0468765047008885	1.22792226061223e-14	0.504851142019748	1.57029685762265	2.0416468967903e-09	1.28218449733526	4.76203961465723	0.181154228812789	0.000392840740253483	3.24259668113908	6.42661502601052e-67	0.901852892498151	4.51726311673388e-05	8.94570325196242e-05	0.000208687462091641	7.92284058824383e-05	1.56830773294679e-29	0.00572529529925207	8.04030144853867e-41	0.0139107967270908
ERR2641635_bin.54	0.30400252	0	0	0	0	0	0	0	0	0	0	6.66731075805921e-06	0	0	1.11017015472437	0	0	0	0	0	0.00329145890057027	0	0	0	0	4.6062525353065e-46	2.34299997330211e-10	0	0	0
ERR2641635_bin.15	1.3517838	0	0.09854662	10.080635	0.11723627	0.02943399	0	0	0	1.23250168275702e-94	0.314463133457815	4.60429347133193	0.127649718967003	0.00221458880681426	0.6084261677188	0	1.46074808211382e-23	0.037924389240483	4.8854521792482e-14	3.87441361482945e-18	6.51997392901305	0.000835011444694011	1.93928166912392e-13	0.219622068611261	0.320367326664967	0.000118751969487549	0.0358330204956917	1.31646151782607e-65	0.0027189080824917	1.44705218887377e-73
ERR2641635_bin.62	2.7974176	0	2.0106933	0	0	0	0	0	0	0	3.9174043422154	5.25910577913767	1.84603710039298	0.917897441671887	1.86552586129577	0	0.397909244773734	0	0.000461198963127774	0	1.11286241363289	0.0192343112424349	5.8433588565416e-09	0	0	0.244736643185432	0.000254316742895115	0	0	0
ERR2641677_bin.18	0.17838669	1.4682281	0.042732652	0	0	0	0	0	0	0.528515712714879	5.1800158670807e-15	1.54253718247443e-06	1.01442468117803	2.01737330123076e-09	5.30851103767054e-06	0.656155834662685	1.34059345301712e-108	0.0156930034216488	0.0042860385757049	0.000170181646841018	1.66449951376408e-19	0.00165570547091776	1.70761996371359e-108	0.00013814467714835	3.46225106094233e-15	3.79038540373158e-102	4.63699954293367e-18	0.00161523434221684	2.74077251320828e-07	3.04385326068509e-09
ERR2641733_bin.55	0	0.9302805	0.6172238	0	0	0	0	0	0	0.0995871464959162	0.00304791092990579	0	0.00113781913280947	0.272278633625898	0	0.036372872882094	0.163120224703097	0.00984012937934153	0.471673929462124	3.15914215016691e-06	0	0.0675787932367123	0.00135933497794593	9.47909642837978e-06	0.000237594932477259	0	0	0.00881698130376779	1.62716618934578e-05	0.00980487250565374
ERR2641635_bin.57	1.6316768	0	0	0	0	0	0	0	0	0	0	0.432810869740539	0	0	1.43093255657649	0	0	0	0	0	0.00765959807749144	0	0	0	0	0.0866491993567724	0.000635700379205421	0	0	0
SRR059458_bin.19	0	0	0	0	0	0	0.2927842	0.28720957	0	0	0	0	0	0	0	0	0	0	0	0	0	0	0	0.0291916353718204	1.63934391462256	0.00775397156037353	0	0.00956291247676304	6.10545928882709e-05	0.0389080267993891
SRR8692207_bin.15	0	0	0	0	0.17442855	0	0	0	0	8.05852311254533e-58	0	0	0	0	0	0	0	0	5.0914187851229e-10	0	0	0	0.230009896876701	0	0	3.43307717088634e-194	0	0	0	8.85822988447746e-30
SRR059458_bin.28	0	0	0	0	0	0	1.0282462	1.0332855	0	0	0	0	0	0	0	0	0	0	0	0	0	0	0	1.17181870659377	0.804588594281139	1.03810685501339	0	0.704953047626538	0.625581689418042	0.185653923143033
SRR8692213_bin.22	0.15410133	1.2543464	0.37350804	0.43605813	0.029445125	0.29461652	0	0	0	1.97977506599581	0.214237791259448	0.000452051009721135	4.06917387968476e-06	0.341788047960769	7.57745390128202e-05	0.496204790375629	0.00246319939033904	0.150230514127671	2.88472693816929e-11	0.125189026446111	0.035568210516508	0.218698367239985	0.00115116311459299	1.01248752838417e-10	3.94877987039441e-06	5.34285504396939e-45	2.10256545861036e-21	2.9658229210294e-10	0.000301481671283756	3.703395155015e-05
ERR2641635_bin.63	0.31290597	0.06954649	0.21732476	0	0	0	0	0	0	0.0120606135203977	0.0127187120916408	0.670420768509329	2.02285356864226e-07	0.00366592573561323	0.02145771007655	2.47726969797022e-05	0.000258003823732992	1.71047192954648e-193	1.7325717934513e-26	2.92311815370844e-154	9.02567808980001e-54	1.36770025318376e-14	8.53799095089096e-16	1.05946559388244e-121	9.76544358681532e-40	2.85408139330299e-16	2.72876421382628e-10	1.34640450546817e-112	9.06566341619161e-22	4.09652542776145e-38
SRR059459_bin.5	0	0	0	0	0	0	0.47020423	0.4762153	0	0	0	0	0	0	0	0	0	0	0	0	0	0	0	0.566077086584429	0.25586851471979	1.46792640772243	0	0.0432875685827815	0.0394719914448158	0.845942160014454
ERR2641635_bin.8	2.3991077	0.32190245	0.49176598	0	0	0	0	0	0	1.17261891411136	0.126491418298876	3.44747828548567	0.00761344278406426	0.0558049079902981	1.07452115764745	0.00111223431719643	2.96305218497176e-12	0.000179455926177173	1.6712464132484e-20	1.76066110390701e-13	1.20133614552461	7.59153744003354e-18	4.09986279377076e-06	4.17334528643445e-22	2.45784134453159e-41	1.70560573637369e-10	3.65180642105557e-11	3.72761597358011e-24	0.00520178417032945	5.87009928414144e-13
ERR2641677_bin.27	0.6266141	0.28008547	0.2012583	0	0	0	0	0	0	0.00381311241489705	0.00116962646300099	0.414038326380861	7.80793183994597e-05	0.0129079112943593	0.902226676442157	0.0286186999566308	9.27320822511688e-46	0.000269039305406971	3.50332947054622e-118	1.00506792401208e-06	1.43774728703411e-05	3.83049446838781e-62	4.86120411782219e-08	4.8846432989349e-21	0.0022672125440459	1.56204615068581e-06	1.01065145185706e-06	4.52681023734547e-34	5.13705185251907e-18	3.98736329688114e-27
ERR2641635_bin.40	1.4306877	0.144952	0.10342307	0	0	0	0	0	0	8.36991124412494e-07	3.02803320372512e-10	0.971435763752103	0.000589282992606828	0.00429082232704929	2.41453255109826	7.71803249765362e-08	2.96800912402067e-26	1.54527927609998e-34	9.86047970897074e-117	0.00472517561975872	0.03689605896418	1.28952695355634e-106	1.71765016937162e-17	2.13306785266705e-48	1.58152438168901e-07	3.60996044351075e-10	0.000171884531371593	4.76122318335807e-32	6.92479379443417e-25	4.38541023951978e-58
ERR2641733_bin.32	0	0	0.3569088	0	0	0	0	0	0	0	0.000105086301621381	0	0.161734063041765	1.24387241672293e-05	0	0	1.93723317274825e-22	0	6.14403486068301e-09	0	0	4.77600887902033e-15	0.03870976646007	0	0	0	0	0	0	0
ERR2641677_bin.53	0.16145219	0.5242734	0.13333766	0	0	0	0	0	0	0.0068319575604626	0.000636879822344354	0.163863681473856	2.01749962994876	0.000517402703994933	3.23277742514448e-05	0.441125551871756	2.94999554075634e-49	3.23952563276717e-05	1.52105573800478e-48	3.58456979676462e-08	9.1485216968372e-38	5.66249427226037e-49	2.23037844046461e-36	4.0415083130499e-12	3.56089245859417e-48	1.56377494796852e-98	2.67650014782898e-24	6.67016679184334e-24	3.64318822564413e-23	5.68524396347439e-28
SRR8692213_bin.6	0.13817994	0.029307991	0.034994047	7.8024545	0.01429141	0.5475315	0	0	0	4.91586727683144e-11	2.97652350496137e-05	0.0726686983672703	8.47883504354521e-07	2.23487846195e-22	1.58465106671166e-06	3.30991041227526e-07	0.843148967269453	0.0400370960069314	0.021122374192573	1.35357991304497	11.1794503432106	0.193677593172858	1.70659087353272e-130	0.0190910227879075	1.32443107282969	6.83859995658778e-51	0.524991686399505	6.42729687403148e-24	0.0363220397373956	3.51746558798645e-235
ERR2641635_bin.56	0.6141523	0	0	0	0	0	0	0	0	0	0	1.05783912757442	0	0	0.569706105467252	0	0	0	0	0	1.55559149791674e-05	0	0	0	0	3.15282772808527e-08	0.0199227622137385	0	0	0
ERR2641733_bin.40	0.10038851	0.053122796	0.60241747	0	0	0	0	0	0	4.52530561427916e-28	0.0221364345525024	4.90660492397429e-13	1.07259547456791	0.190179546407998	0.613832838566251	1.77045099019908e-10	1.08490697741708e-06	1.07194411161703e-33	1.38288377543097e-11	6.0822484196587e-48	5.03076539630162e-205	2.56645667355828e-19	0.0116885264563836	6.3817065241694e-116	0	0.0749801265610874	2.92084027169771e-20	8.0863169359681e-239	1.84178536074236e-64	1.19150671704663e-43
SRR059458_bin.16	0	0	0	0	0	0	3.2307482	3.2116666	0	0	0	0	0	0	0	0	0	0	0	0	0	0	0	4.18459833291703	0.504973831537952	3.04504376613824	0	1.44584459472539	1.48075348698044	5.74602609822459
ERR2641733_bin.46	0.7716831	0.10751467	0.43153754	0	0	0	0	0	0	0.169830558250335	0.000249694355996972	1.53365568686826	0.0460772864082868	0.0344909203946553	0.385568345182469	0.0192913972180353	6.72238662591318e-06	1.74668952299986e-162	0.0020944861747901	2.68235217214965e-33	0.860257144738586	9.89901650238984e-44	7.02179603548475e-22	3.72511121624634e-170	1.45820574563895e-32	0.230212656884923	9.47075063399211e-13	2.66073513806919e-15	2.25607064584735e-37	5.14227195212445e-52
ERR2641733_bin.48	0.12802427	0	3.2392023	0	0	0	0	0	0	0	1.79534596138817	0.000489657438835365	1.71764498207753	3.38090519339039	0.0183144742678112	0	2.06106792597982e-05	0	0.00924574019452043	0	3.394855216734e-13	2.94811299493642e-05	3.48514971243529e-05	0	0	5.90294956717532e-122	3.14847207902592e-313	0	0	0
ERR2641733_bin.66	0.17628074	0.032474317	1.5890332	0	0	0	0	0	0	3.71912525634776e-65	3.98039902940073	1.25916432312771e-09	1.07867681715524	1.73222081982762	5.39317705423161e-11	6.21824917349431e-05	0.625726357247128	6.89981562180124e-138	0.455974018332473	6.61277221722292e-09	2.46940931042847e-39	4.39401734078698e-06	0.000101880739621801	1.23522002255952e-154	5.25817112176928e-139	1.19815000910772e-194	6.14746213095378e-56	0	1.61510980316501e-201	5.23870208641173e-202
SRR059458_bin.3	0	0	0	0.005517565	0	0	0.25254312	0.24372344	0	0	0	0	0	0	0	0	0	0	0	0	9.71496181010976e-40	0	0	0.00211467374586932	0.00294825282616348	9.58205574213043e-05	0	0.952743467533122	0.00587145592801536	0.196255046911223
ERR2641677_bin.21	0	0.78236496	0	0	0	0	0	0	0	0.236639162434401	0	2.95495454646097e-207	0	0	0	0.268684066434851	0	0.143231487089069	0	1.5119402822219e-07	0	0	0	0.000224384731119164	1.31401956787348e-09	0	0	1.11511078642222e-38	4.60114944513282e-18	9.84731975019222e-07
ERR2641635_bin.52	0.8092279	0.077013105	0.04643987	0	0	0	0	0	0	1.05237479399617e-07	0.20955990215119	1.29419993607863	0.0201063966081571	0.0194098658499034	0.76933392671159	1.15475760958603e-33	7.6774470931956e-41	5.72116577921786e-116	1.48662578089432e-48	5.44856015121677e-55	3.4403388204241e-09	8.24826535328086e-05	7.06494117280152e-05	4.3417430735625e-59	8.02386745329495e-287	6.2176831930106e-05	2.71750981832999e-17	2.22975948448167e-114	6.73587317571823e-118	4.82683791843892e-197
ERR2641733_bin.65	1.7820745	0	4.4739504	0	0	0	0	0	0	0	8.02427514418135	0.104990747874205	1.02398605535883	1.93684170977328	1.86029656267652	0	0.101493058948997	0	0.120495951554902	0	0.587607050111725	0.204916653614305	0.389269387823071	0	0	0.0422418023838692	0.172347525152962	0	0	0
ERR2641733_bin.76	0	0.41968358	3.3712726	0	0	0	0	0	0	5.3039843944856	1.21292448821247	0	2.9387550915393	4.21536933899723	0	0.0677757243047937	0.354604269478422	1.50095548088118e-18	0.144774379273832	5.05669431319322e-24	0	0.00277549063116928	0.0136442115523123	6.33727989981164e-07	4.66267310672695e-45	0	0	1.29642015855717e-53	9.4823756993935e-16	1.36739448097976e-30
SRR8692206_bin.18	0	0	0	0.8832023	0.01150981	0	0	0	0	0	0	0.0205287602941027	0	0	0	0	0	0	2.7011417205665e-215	0	1.7818854653224	0	2.91452935105567e-25	1.19954906273452e-12	4.33054784170197e-55	0	0	0	0.00153357787759914	2.89969065207109e-246
ERR2641677_bin.45	0	2.7966628	0.12986739	0	0	0	0	0	0	0.689727032709597	1.00546095806188e-06	0	9.24640071812232e-09	3.27320919515156e-08	0	1.04686697366471	6.18361087004677e-80	0.280775131589777	4.27525563732931e-20	0.0456695273910102	0	6.84517674095011e-45	1.30327365922016e-59	0.00179448774722523	0.0174888620582325	0	0	4.84589936590567e-06	3.3241085450947e-10	0.106972378982765
SRR059459_bin.6	0	0	0	0	0	0	3.75878	3.7525327	0	0	0	0	0	0	0	0	0	0	0	0	0	0	0	2.06982616957111	4.15701216102081	2.86898104072444	0	5.36882261727921	3.55502089581995	2.82595300715417
ERR2641733_bin.29	0	0.2521047	0.44723004	0	0	0	0	0	0	0.394898941150306	0.141247157017788	0	5.22729759667318e-07	0.20001493716452	0	1.40602992778118e-07	6.01652093546842e-12	5.79366706533623e-36	5.48696929953502e-07	0.0132928044857684	0	0.00909358527564649	3.98299449005723e-07	4.54348862076869e-26	2.84916903138208e-12	0	0	1.1470336978541e-60	1.89311751954161e-37	2.04474317720843e-83
ERR2641677_bin.54	0.94800436	0.91437167	0.2952026	0	0	0	0	0	0	0.365639610772178	0.000155843722309745	0.326695690409742	0.142171762984867	0.124853916494604	0.00888901643173846	4.21468535294884	0.000733702475036961	1.57282590998777e-30	7.04887270394424e-20	3.04303134001444e-07	1.25481761526562e-13	1.01852197305028e-14	0.0163829901420409	0.489897098816875	4.05058118244307e-05	4.15546432865381e-08	3.80736905743777e-22	9.57610300958777e-19	4.06441498023082e-23	0.0105087844647443
ERR2641677_bin.19	0.0713825	0.6952282	0.09379017	0	0	0	0	0	0	0.478814326392689	0.00184900610855201	2.19323476894285	1.9810292033657	0.0576110946104391	1.21352814322105e-18	0.0203595829077799	7.3446741287331e-54	0.00191814837109215	3.67280487811413e-11	1.13813924027552e-06	4.85700947704948e-66	8.54717262827101e-98	7.38652787800253e-55	1.40157048890077e-35	9.76210870209955e-11	4.24241709950682e-262	5.35989688738434e-47	1.43752149142977e-05	7.19939026784459e-34	1.33701914568016e-08
SRR8692207_bin.5	0	0	0	0	0.64062154	0	0	0	0	5.01258427160646e-14	0	0	0	0	0	0	0	0	1.1414386147237	0	0	0	1.38270605274117	0	0	2.31537560965779e-13	0	0	0	3.20915880746389e-08
SRR8692207_bin.2	0	0.06269393	0	7.5623374	1.4450827	0	0	0	0.042357642	0.426459392135513	0	0.427129552294005	0	0	0	0.0483576856030738	0	3.60532025520352e-32	0.00980252258274324	6.22045634297328e-179	7.70284931146404	0	5.1157522275745	1.70677369619343e-06	0.00110847235763964	1.33954579261299e-32	0.0888435530527852	4.00926428068832e-65	0.422422041012934	1.49090527452659e-23
SRR059458_bin.7	0	0	0	0	0	0	1.1790037	1.1638681	0	0	0	0	0	0	0	0	0	0	0	0	0	0	0	0.299054695709282	1.69917300189654	0.717715881275422	1.00029883938826e-120	1.26405165032439	1.13729527477489	0.120987676284417
ERR2641733_bin.31	0.6247136	0.28338534	1.3575349	0	0	0	0	0	0	0.132617015350923	0.828442484143178	0.262956209765073	1.01174296344439	1.25088115427353	0.2027448681857	0.0415097196653222	0.000211849892667184	2.49176657960673e-13	0.000376187749742841	2.05690985578355e-12	0.00139008323495997	0.000621786175541564	0.045243685707926	8.67765772251065e-86	1.75656783896217e-42	1.51821845155582e-46	0.000380859380164234	1.54765263147126e-252	8.5158567786378e-13	2.85911465268917e-64
ERR2641733_bin.35	0	0.21091773	0.21998745	0	0	0	0	0	0	0.000139367425149229	0.157612036558304	0	0.0550820317675018	1.19941318534418	0	0.193023772068783	1.38817430341064e-05	2.23654456177213e-29	3.00309942168842e-30	0.769014978182357	0	0.000204047754588609	2.67022475476324e-06	1.11686673626109e-34	5.63564925847575e-46	0	0	4.15150565117043e-28	0.0103110350602416	6.23530443445745e-40
SRR059459_bin.15	0	0	0	0	0	0	0.8608223	0.8543534	0	0	0	0	0	0	0	0	0	0	0	0	0	0	0	1.36927635853962	1.72786503984799	0.989526811493134	0	0.696093348562342	0.828252425616078	1.04150636145248
ERR2641635_bin.14	1.7461424	0.10775297	0.25652888	0	0	0	0	0	0	2.2133081606611e-13	0.0208758211042987	1.6521959753423	1.2088820821489	0.401032644990766	1.13484014140777	5.02194214284973e-05	1.95571034599293e-14	3.54843465839007e-17	8.3259808972582e-05	6.8876852072482e-15	0.000210881144255533	4.67345845167919e-10	7.6516058586754e-14	9.7477221109024e-88	3.07378138350577e-35	5.45284075310388e-09	1.69801830455164e-09	1.11683927832089e-216	9.68954432992275e-43	4.93221500782536e-78
ERR2641733_bin.20	0.34795865	0.05893215	0.34731585	0	0	0	0	0	0	5.86016533684426e-09	0.0314710624032915	0.517615024135307	0.00227542883622461	0.109351336755785	0.0483635451173756	2.55832258413821e-12	7.04126990583e-101	2.91882734960387e-84	2.93285864764014e-47	2.71999081261831e-62	0.146389124382503	2.38195902223904e-12	3.4491681015416e-09	6.39698161663753e-141	9.05204379661988e-245	7.91519247004425e-43	0.00457493895336247	6.41631690158271e-240	1.84895294226819e-163	5.03496730713076e-06
ERR2641677_bin.67	0	0.30686074	0.28799868	0	0	0	0	0	0	0.278710138626366	0.0641076928527073	0	0.00111295497331586	0.188251979063436	0	0.384367404773329	3.93787094509995e-21	8.97677042034189e-24	0.00015947344430551	2.03748504199293e-06	0	3.75957181283729e-16	1.93948588328685e-55	0.00125016022111999	1.89198469225963e-18	0	0	9.57342809324986e-22	8.67079095069361e-27	7.82623990966152e-35
ERR2641733_bin.52	0	0	0.35710755	0	0	0	0	0	0	0	0.249557736431811	0	0.0943924977299751	0.18620851244471	0	0	0.00568891939001647	0	1.3141077220363e-18	0	0	0.000561359623122255	4.03808386677035e-08	0	0	0	0	0	0	0
SRR8692207_bin.17	0	0	0	0	13.567147	0	0	0	0	0.336877441632493	0	0	0	0	0	0	0	0	8.99390096105696	0	0	0	8.92419245344743	0	0	0.673753640196376	0	0	0	0.718714121774459
SRR8692206_bin.15	0.17173395	1.2163866	0.32288566	1.6212602	0.02032324	0.08272417	0	0	0	0.44667836855385	0.202283363292065	0.0475499073687231	0.000510076330876604	0.0952754104581223	0.0328580001356211	0.229368647037191	1.12091128582093e-08	0.0277788208009917	0.0168502091668402	0.000528690436979761	2.15816636970873	0.00200770182493411	3.31184093089732e-17	2.31502294709244e-08	0.0012854936715117	8.02001992134454e-51	9.95606812265628e-22	1.25554302832893e-06	3.74248593054223e-22	2.13279813590074e-16
SRR059458_bin.9	0	0	0	0	0	0	4.041275	4.0351205	0	0	0	0	0	0	0	0	0	0	0	0	0	0	0	4.07209332478664	3.76335118346971	2.09907688909121	0	2.76806859705759	3.87973375573446	7.70901984347502
ERR2641733_bin.71	0	0	1.1795727	0	0	0	0	0	0	0	0.122524931548454	0	0.800027657782498	0.762802274964445	0	0	2.20580222963589e-08	0	1.12384225792843	0	0	8.93141939280678e-06	0.0597760612171034	0	0	0	0	0	0	0
ERR2641635_bin.21	2.8422635	0.1826284	0.072115	0	0	0	0	0	0	1.80979987272159	2.85075069860183e-33	1.34428161667484	0.0567476902835784	4.29047827493414e-35	3.99956482898256	0.112682863222195	4.54755861899485e-292	0.000211671247329335	3.34599506684788e-106	1.32063329949868e-34	0.284899277240692	2.67365202414688e-30	1.70008302747971e-144	2.42156599267177e-34	7.44267395396556e-63	0.0772008889126157	5.03207308040287e-05	7.97561832779511e-110	2.47702778708248e-124	7.48736955203948e-72
ERR2641733_bin.77	1.9082597	0	3.3448164	0	0	0	0	0	0	0	5.26316067341062	0.529758357325368	5.55236247802836	0.816172342994931	0.803067570646894	0	0.999070304965867	0	0.337690023389602	0	0.663521068105613	0.00539336418463716	0.106591785095326	0	0	8.09492126329586e-16	0.0041436889467878	0	0	0
ERR2641677_bin.65	0	0.74436694	0.09236828	2.878477	0	0	0	0	0	0.0198772375179476	0.000447882676977448	0.0228101815773339	0.005017392380427	0.000352808940394235	0	0.264258256479715	4.69266848546538e-27	0.560091145585357	8.93979233866838e-104	3.7837899512535e-18	0.981051077296747	7.60681444384074e-28	2.17575785039172e-11	0.0144138650534222	0.140946547529618	0	0	1.7354645526935e-09	0.054204778134225	4.54104175167868e-17
ERR2641733_bin.2	0	0	0.31661195	0	0	0	0	0	0	0	0.0119994809578897	0	0.0954784936082977	0.0815978353767115	0	0	2.11724924710165e-33	0	7.3745792690537e-11	0	0	0.000226024159227524	1.72650328033675e-12	0	0	0	0	0	0	0
ERR2641733_bin.7	0	0.21647693	0.88076997	0	0	0	0	0	0	0.00324798410082696	0.257781453503783	0	2.48368913620525	0.0473888132453341	0	1.24223061665953	2.9554868059809e-07	6.55137932271344e-83	0.138542850030205	2.51643766499273e-26	0	0.285029578236446	0.0237704576947957	3.72114386672728e-19	1.05537414708484e-147	0	0	2.81706724569711e-54	0.028716542845273	8.52151563334392e-11
ERR2641677_bin.28	0.5495544	1.3281473	0.10827464	0	0	0	0	0	0	0.125723582178621	0.0412375433156801	0.0976294442640031	4.37698273630487e-10	0.0797452968429834	0.00802032681422115	0.780268206883618	1.70139899827875e-71	0.266262829035097	4.56604356523584e-58	0.000384506088883212	1.39006762008451e-28	2.75628888568431e-44	4.50106212699994e-30	5.04370842361006e-17	2.34206016735009e-23	8.59692480184271e-05	0.000132303042149716	4.21765514347358e-32	8.96031662129531e-05	9.39737281714711e-17
ERR2641677_bin.15	0	0.38524938	0	0	0	0	0	0	0	0.00398892371895961	0	0	0	0	0	0.278022157213769	0	0.000766861995103366	0	2.54393662011585e-06	0	0	0	2.09953970465763e-21	5.85389049350319e-14	0	0	1.64864470431315e-42	8.47803565044686e-13	1.69983942168268e-61
ERR2641677_bin.49	0	0.8752271	0.09507447	0	0	0	0	0	0	0.035432682694353	3.86040512119577e-06	0	6.28576728351501e-06	0.000988723286940906	0	0.45942456296278	7.20842523288842e-08	7.90669667450649e-14	1.21361361202082	0.456814482307806	0	0.0212737119515916	0.00789364336667106	9.27091270826308e-11	4.67271926291851e-11	0	0	8.94243852732965e-06	0.161472356037105	2.56706610505796e-24
ERR2641635_bin.23	2.0022638	0.2669298	0.12927307	0	0.22767963	0.063720524	0	0	0	0.000449055731817136	0.0873449721090749	2.92889856241987	1.88412394776607e-05	0.000267893434062856	1.41280871373466	0.0970007226776251	3.03521605095575e-13	0.000306202010301483	0.000183089937699342	2.72814396644289e-06	0.000516223269305789	1.21380342840442e-16	7.60717769762935e-07	1.6641006082664e-46	6.35766970620665e-56	0.0142256589588352	7.23662176070704e-06	1.4965049723067e-41	3.03502208067559e-45	7.83360992823536e-17
ERR2641635_bin.50	0.9663127	0.077002205	0.24103734	0	0	0	0	0	0	0.0477179255454107	5.94666230697195e-05	0.0107023267594811	8.01443916980043e-09	1.38615529965878e-05	3.15914438370547	0.000336319206452914	1.28808986078577e-40	1.18309585191132e-21	2.81679847377166e-22	1.99925400684005e-160	1.10384778968623e-08	1.12634859467734e-24	3.18269112025891e-41	2.10082338871355e-103	5.60655036375878e-311	0.444257797631712	2.49290101307208e-05	1.54823173088404e-35	1.89229933157316e-136	0.0473107931053926
ERR2641677_bin.66	0	1.1705058	0.5597935	0	0	0	0	0	0	0.515963275828982	1.59829517180986	0	0.00292491689623984	1.2603752488143	0	0.265657917063606	0.00483278868040088	0.200460479105594	2.25032843225162e-10	1.50118751792476e-09	0	0.00123656602556067	9.65097626811683e-12	0.000231620484258834	1.60845147738638e-09	0	0	2.27277063254012e-17	4.54866650739186e-05	0.000768818173395088
ERR2641733_bin.42	0	0	0.44074985	0	0	0	0	0	0	0	0.0477506675756362	0	0.0645887173601349	0.0582003934456153	0	0	0.038563321475095	0	3.27905737952336e-30	0	0	6.2233168769528e-10	2.20755976466358e-17	0	0	0	0	0	0	0
SRR8692206_bin.16	0	0	0	0.18714584	0	0.008908859	0	0	0	0	0	2.51648345305382e-22	1.4023713178285e-200	1.14907052821967e-73	0	0	6.02185716076877e-66	4.47864139644217e-159	0	2.73318497128787e-78	6.4070746011637e-05	8.53052167655504e-62	0	4.1741205306654e-114	6.30128418650375e-22	0	0	0	9.12576959243418e-21	0
SRR8692213_bin.23	0.10007486	0.05596786	0	0	0.13048512	0.34389997	0	0	0	1.01508264179692e-10	2.57962811954161e-18	3.75659276299824e-15	1.38033576006249e-25	2.14636251649521e-29	9.29088136726551e-06	0.0152018279814142	1.61317219109397e-06	0.426275380076921	4.26381570209551e-07	0.848289030759002	0.00786316200877357	0.232340613019373	0.000156555260084622	5.9796725258287e-74	1.00814444797799e-313	0.00747244753807839	4.92371942874232e-20	1.74240578884642e-09	5.16020479241507e-289	8.03086356125947e-125
ERR2641733_bin.73	0	0	1.1099606	0	0	0	0	0	0	0	1.42387884386493	0	0.290442436854239	0.269663276432258	0	0	0.0641346861895141	0	5.37346068221121e-10	0	0	0.0327018482524315	0.000196761139488296	0	0	0	0	0	0	0
SRR059458_bin.23	0	0	0	0	0	0	0.32396832	0.32532582	0	0	0	0	0	0	0	0	0	0	0	0	0	0	0	1.04385468595834	0.00633724783782509	0.189617306362113	0	0.628070835749803	0.389669456290781	3.06638167490149e-08
SRR059458_bin.18	0	0	0	0	0	0	0.43805528	0.40967223	0	0	0	0	0	0	0	0	0	0	0	0	0	0	0	0.0340257675189539	0.483886944675252	0.443041516608325	0	0.221519766257593	0.215308719237486	0.82769799471695
ERR2641733_bin.33	0	0	0.27676237	0	0	0	0	0	0	0	0.000108209499403964	0	6.03169531078146e-08	0.478672361431511	0	0	8.75434832526813e-16	0	4.66530736825375e-14	0	0	9.19295803860509e-05	1.11566680079594e-30	0	0	0	0	0	0	0
ERR2641677_bin.25	0	2.3896291	0	0	0	0	0	0	0	0.254740455035182	0	0	0	0	0	1.26153852455984	0	0.171680235192247	0	0.643139371339086	0	0	0	2.02213083508842e-07	0.000580958817906889	0	0	0.233289173708586	0.0499152901833944	0.034239365382821
ERR2641677_bin.38	0	0.50788796	0.40876472	0	0	0	0	0	0	0.943888599697196	0.0432127844257563	0	0.0116233253954899	0.0193673656515597	0	0.0934314863928301	0.0027438765764166	3.1480497858205e-08	1.98518582308871e-05	0.00162346322703927	0	2.1537283107142e-10	1.41594268140688e-08	5.59533758141846e-15	1.43195267998633e-14	0	0	0.0425970072477473	4.3979074185325e-24	2.40804806984019e-27
ERR2641733_bin.19	0	0.11137954	0.55202824	0	0	0	0	0	0	2.2534576918274e-06	0.0604657460495841	0	0.286931560284493	0.134373300383889	0	0.247640715812429	1.25260920263903e-07	1.71634419720783e-59	3.10596870750569e-07	7.73138472004318e-44	0	3.8474625579009e-18	0.00410851212846358	2.59937498167335e-51	5.55894856637015e-19	0	0	1.1564618851786e-68	5.89504636803277e-77	1.60611851505966e-08
ERR2641733_bin.70	0	0.13498092	2.0041237	0	0	0	0	0	0	0.00611542738131973	3.58413564658593	0	0.706797559458974	2.10970747264399	0	0.0256637410256343	0.231296965089113	4.19300055869649e-29	0.000247163910832676	5.068833836837e-82	0	0.00238392768877869	0.25580933005862	1.30449005364314e-258	1.89277189663737e-244	0	0	1.25821153609921e-66	7.05432259735999e-61	8.1327087204686e-76
SRR8692206_bin.10	0	0	0	1.4146999	0	0	0	0	0	0	0	4.18186548837335e-09	0	0	0	0	0	0	0	0	1.03733908533312	0	0	7.94255563512034e-05	5.01071751421728e-12	0	0	0	0.00017906706704805	0
ERR2641677_bin.11	0.08201233	0.33663002	0.16780505	0	0	0	0	0	0	0.114189047016654	5.56544688670993e-09	0.0667601756095013	0.00454935636976449	0.0670458614135162	0.00208195665153262	0.216326542500247	3.78720023740633e-27	9.73364501188469e-14	8.2340860280666e-11	1.34896709063717e-09	4.11677201105721e-17	2.39620787109154e-19	0.000589069804862	8.89413865066822e-43	1.60003889565768e-42	5.67267037158348e-141	9.59779113691528e-151	4.50606303633131e-50	3.70709620185107e-11	1.33595294540141e-12
ERR2641677_bin.71	0.7348514	0.45421252	0.15628728	0	6.569966	30.314249	0	0	0	0.0378265706999535	2.78574977027302	0.00570426035829873	4.81897954066942	0.255081806693513	1.98101428879732	3.8885166802958	29.0392125207822	28.4163720854928	10.0392102512293	25.8237465801573	3.69866536868635	28.7734913284632	7.52688067435662	3.39869943930497e-05	3.27431892065855e-41	0.00130208693164622	0.388673828479319	0.310947583989796	6.02257465769217e-18	0.0137139630106342
ERR2641677_bin.46	0.64660186	0.93419355	0.5266158	0	0	0	0	0	0	0.435381587808091	0.0678890725310711	0.898581322214057	0.541452892597946	1.56927011158254	0.00599891280602381	0.0390643970276386	1.91677250230408e-14	2.81569293561426e-07	3.1176892393831e-33	0.108937192465694	0.00804223739580899	8.86225377154458e-10	9.58353884057885e-09	7.59784680243044e-43	1.26521255171952	1.02066724557274e-10	7.84057833574986e-38	3.34701861941407e-19	3.38430667568995e-10	0.0590596953490792
SRR059459_bin.19	0	0	0	0	0	0	0.19574231	0.20950876	0	0	0	0	0	0	0	0	0	0	0	0	0	0	0	0.0811335588615072	0.382213590420122	0.0279006629917351	0	0.034434496983649	0.344961839005012	0.00953689030991927
SRR059458_bin.17	0	0	0	0	0	0	0.21546404	0.19887193	0	0	0	0	0	0	0	0	0	0	0	0	0	0	0	1.34868013458281e-05	0.0505789069918232	0.368258794187428	0	0.0435214399658085	0.234919237984249	0.0550058729181893
SRR8692213_bin.13	0.03805399	0.0129745705	0.007535932	0.33882046	0.011970614	0.9448292	0	0	0	3.28046755649197e-37	3.88755764264327e-09	4.4371027392216e-31	2.35143142977452e-07	3.20584970570237e-17	0.0120031728454211	0.000869016956100233	0.866321481957835	0.371114283831933	2.78285631800555e-135	1.01174639325269	1.28329192129566	6.30868275076629	4.55561396257425e-08	8.58503905314855e-10	0.00269225284732152	2.89635769288392e-146	3.50335658667087e-25	0.00214041975170883	3.85658867202836e-29	0
SRR8692207_bin.27	0	0.28904063	0.13027169	0	23.058208	0	0	0	0	1.87816623995359	2.73227788972658e-05	0	0.0156911843300134	1.33037752285136e-06	0	0.0139568759301446	0.00824468612408724	2.09248595116388e-18	24.7390675071741	1.46924367516461e-23	0	6.71719342775032e-37	22.9409820829662	4.04581531771163e-17	2.11907627047165e-11	0.181037760740398	0	2.38598837741864e-27	2.49260247182942e-19	0.786762517995993
SRR8692207_bin.21	0	0	0	0	2.2845597	0	0	0	0	0.65321669235594	0	0	0	0	0	0	0	0	0.320541708096242	0	0	0	3.68217205078463	0	0	0.167139999673694	0	0	0	0.00125273619014006
ERR2641733_bin.5	0.9827926	0.404483	0.59356785	0	0	0	0	0	0	1.08647365457463	0.591457164436913	2.08037238428137	0.151058582022015	0.245628369252926	2.57184957454798	0.128490989908014	8.59303346736665e-28	1.73633879217592e-10	9.83621165703752e-07	9.32570484639818e-06	0.010532433867176	1.93079947510854e-29	5.15072378872677e-16	1.02799164304773e-07	1.59832612624577e-21	2.56059604301284e-08	1.70437402475977e-11	1.38399800568797e-11	1.10438109904395e-07	1.22398249915653e-08
SRR059458_bin.13	0	0	0	0	0	0	0.23810983	0.22236787	0	0	0	0	0	0	0	0	0	0	0	0	0	0	0	0.071456996872474	0.374617862957714	3.13429825097596	0	0.00504006341513525	0.4921232271206	0.453169138641878
SRR059459_bin.21	0	0	0	0	0	0	1.2810605	1.2659055	0	0	0	0	0	0	0	0	0	0	0	0	0	0	0	0.3321523133469	0.781645781957721	2.97976991665285	0	0.106929106029354	0.624927876739101	0.366247734827654
